cycle,subject,measure,value
0.025,boy1,Hip Angle,37.0
0.025,boy1,Knee Angle,10.0
0.025,boy2,Hip Angle,47.0
0.025,boy2,Knee Angle,16.0
0.025,boy3,Hip Angle,46.0
0.025,boy3,Knee Angle,18.0
0.025,boy4,Hip Angle,37.0
0.025,boy4,Knee Angle,5.0
0.025,boy5,Hip Angle,20.0
0.025,boy5,Knee Angle,2.0
0.025,boy6,Hip Angle,57.0
0.025,boy6,Knee Angle,15.0
0.025,boy7,Hip Angle,46.0
0.025,boy7,Knee Angle,13.0
0.025,boy8,Hip Angle,46.0
0.025,boy8,Knee Angle,14.0
0.025,boy9,Hip Angle,46.0
0.025,boy9,Knee Angle,15.0
0.025,boy10,Hip Angle,35.0
0.025,boy10,Knee Angle,9.0
0.025,boy11,Hip Angle,38.0
0.025,boy11,Knee Angle,13.0
0.025,boy12,Hip Angle,35.0
0.025,boy12,Knee Angle,7.0
0.025,boy13,Hip Angle,34.0
0.025,boy13,Knee Angle,9.0
0.025,boy14,Hip Angle,43.0
0.025,boy14,Knee Angle,15.0
0.025,boy15,Hip Angle,43.0
0.025,boy15,Knee Angle,6.0
0.025,boy16,Hip Angle,40.0
0.025,boy16,Knee Angle,11.0
0.025,boy17,Hip Angle,51.0
0.025,boy17,Knee Angle,24.0
0.025,boy18,Hip Angle,52.0
0.025,boy18,Knee Angle,16.0
0.025,boy19,Hip Angle,36.0
0.025,boy19,Knee Angle,16.0
0.025,boy20,Hip Angle,35.0
0.025,boy20,Knee Angle,7.0
0.025,boy21,Hip Angle,46.0
0.025,boy21,Knee Angle,21.0
0.025,boy22,Hip Angle,43.0
0.025,boy22,Knee Angle,11.0
0.025,boy23,Hip Angle,55.0
0.025,boy23,Knee Angle,12.0
0.025,boy24,Hip Angle,39.0
0.025,boy24,Knee Angle,8.0
0.025,boy25,Hip Angle,37.0
0.025,boy25,Knee Angle,11.0
0.025,boy26,Hip Angle,36.0
0.025,boy26,Knee Angle,16.0
0.025,boy27,Hip Angle,36.0
0.025,boy27,Knee Angle,19.0
0.025,boy28,Hip Angle,42.0
0.025,boy28,Knee Angle,13.0
0.025,boy29,Hip Angle,38.0
0.025,boy29,Knee Angle,11.0
0.025,boy30,Hip Angle,46.0
0.025,boy30,Knee Angle,17.0
0.025,boy31,Hip Angle,54.0
0.025,boy31,Knee Angle,20.0
0.025,boy32,Hip Angle,52.0
0.025,boy32,Knee Angle,18.0
0.025,boy33,Hip Angle,32.0
0.025,boy33,Knee Angle,9.0
0.025,boy34,Hip Angle,46.0
0.025,boy34,Knee Angle,8.0
0.025,boy35,Hip Angle,46.0
0.025,boy35,Knee Angle,9.0
0.025,boy36,Hip Angle,48.0
0.025,boy36,Knee Angle,13.0
0.025,boy37,Hip Angle,44.0
0.025,boy37,Knee Angle,19.0
0.025,boy38,Hip Angle,55.0
0.025,boy38,Knee Angle,16.0
0.025,boy39,Hip Angle,48.0
0.025,boy39,Knee Angle,14.0
0.075,boy1,Hip Angle,36.0
0.075,boy1,Knee Angle,15.0
0.075,boy2,Hip Angle,46.0
0.075,boy2,Knee Angle,25.0
0.075,boy3,Hip Angle,44.0
0.075,boy3,Knee Angle,27.0
0.075,boy4,Hip Angle,36.0
0.075,boy4,Knee Angle,14.0
0.075,boy5,Hip Angle,18.0
0.075,boy5,Knee Angle,6.0
0.075,boy6,Hip Angle,48.0
0.075,boy6,Knee Angle,17.0
0.075,boy7,Hip Angle,38.0
0.075,boy7,Knee Angle,16.0
0.075,boy8,Hip Angle,46.0
0.075,boy8,Knee Angle,17.0
0.075,boy9,Hip Angle,42.0
0.075,boy9,Knee Angle,20.0
0.075,boy10,Hip Angle,34.0
0.075,boy10,Knee Angle,22.0
0.075,boy11,Hip Angle,37.0
0.075,boy11,Knee Angle,24.0
0.075,boy12,Hip Angle,31.0
0.075,boy12,Knee Angle,8.0
0.075,boy13,Hip Angle,31.0
0.075,boy13,Knee Angle,14.0
0.075,boy14,Hip Angle,41.0
0.075,boy14,Knee Angle,20.0
0.075,boy15,Hip Angle,37.0
0.075,boy15,Knee Angle,11.0
0.075,boy16,Hip Angle,41.0
0.075,boy16,Knee Angle,19.0
0.075,boy17,Hip Angle,49.0
0.075,boy17,Knee Angle,32.0
0.075,boy18,Hip Angle,46.0
0.075,boy18,Knee Angle,20.0
0.075,boy19,Hip Angle,33.0
0.075,boy19,Knee Angle,20.0
0.075,boy20,Hip Angle,37.0
0.075,boy20,Knee Angle,13.0
0.075,boy21,Hip Angle,38.0
0.075,boy21,Knee Angle,24.0
0.075,boy22,Hip Angle,41.0
0.075,boy22,Knee Angle,14.0
0.075,boy23,Hip Angle,51.0
0.075,boy23,Knee Angle,17.0
0.075,boy24,Hip Angle,38.0
0.075,boy24,Knee Angle,12.0
0.075,boy25,Hip Angle,34.0
0.075,boy25,Knee Angle,20.0
0.075,boy26,Hip Angle,33.0
0.075,boy26,Knee Angle,20.0
0.075,boy27,Hip Angle,33.0
0.075,boy27,Knee Angle,26.0
0.075,boy28,Hip Angle,40.0
0.075,boy28,Knee Angle,23.0
0.075,boy29,Hip Angle,34.0
0.075,boy29,Knee Angle,15.0
0.075,boy30,Hip Angle,47.0
0.075,boy30,Knee Angle,25.0
0.075,boy31,Hip Angle,48.0
0.075,boy31,Knee Angle,20.0
0.075,boy32,Hip Angle,44.0
0.075,boy32,Knee Angle,18.0
0.075,boy33,Hip Angle,28.0
0.075,boy33,Knee Angle,12.0
0.075,boy34,Hip Angle,41.0
0.075,boy34,Knee Angle,10.0
0.075,boy35,Hip Angle,44.0
0.075,boy35,Knee Angle,18.0
0.075,boy36,Hip Angle,42.0
0.075,boy36,Knee Angle,18.0
0.075,boy37,Hip Angle,41.0
0.075,boy37,Knee Angle,23.0
0.075,boy38,Hip Angle,56.0
0.075,boy38,Knee Angle,23.0
0.075,boy39,Hip Angle,50.0
0.075,boy39,Knee Angle,25.0
0.125,boy1,Hip Angle,33.0
0.125,boy1,Knee Angle,18.0
0.125,boy2,Hip Angle,42.0
0.125,boy2,Knee Angle,28.0
0.125,boy3,Hip Angle,39.0
0.125,boy3,Knee Angle,32.0
0.125,boy4,Hip Angle,27.0
0.125,boy4,Knee Angle,16.0
0.125,boy5,Hip Angle,11.0
0.125,boy5,Knee Angle,6.0
0.125,boy6,Hip Angle,44.0
0.125,boy6,Knee Angle,23.0
0.125,boy7,Hip Angle,33.0
0.125,boy7,Knee Angle,22.0
0.125,boy8,Hip Angle,43.0
0.125,boy8,Knee Angle,18.0
0.125,boy9,Hip Angle,37.0
0.125,boy9,Knee Angle,23.0
0.125,boy10,Hip Angle,29.0
0.125,boy10,Knee Angle,25.0
0.125,boy11,Hip Angle,33.0
0.125,boy11,Knee Angle,27.0
0.125,boy12,Hip Angle,29.0
0.125,boy12,Knee Angle,11.0
0.125,boy13,Hip Angle,27.0
0.125,boy13,Knee Angle,16.0
0.125,boy14,Hip Angle,36.0
0.125,boy14,Knee Angle,22.0
0.125,boy15,Hip Angle,35.0
0.125,boy15,Knee Angle,20.0
0.125,boy16,Hip Angle,36.0
0.125,boy16,Knee Angle,30.0
0.125,boy17,Hip Angle,45.0
0.125,boy17,Knee Angle,35.0
0.125,boy18,Hip Angle,41.0
0.125,boy18,Knee Angle,21.0
0.125,boy19,Hip Angle,28.0
0.125,boy19,Knee Angle,22.0
0.125,boy20,Hip Angle,33.0
0.125,boy20,Knee Angle,14.0
0.125,boy21,Hip Angle,30.0
0.125,boy21,Knee Angle,25.0
0.125,boy22,Hip Angle,37.0
0.125,boy22,Knee Angle,14.0
0.125,boy23,Hip Angle,47.0
0.125,boy23,Knee Angle,20.0
0.125,boy24,Hip Angle,31.0
0.125,boy24,Knee Angle,14.0
0.125,boy25,Hip Angle,30.0
0.125,boy25,Knee Angle,22.0
0.125,boy26,Hip Angle,28.0
0.125,boy26,Knee Angle,22.0
0.125,boy27,Hip Angle,30.0
0.125,boy27,Knee Angle,28.0
0.125,boy28,Hip Angle,40.0
0.125,boy28,Knee Angle,30.0
0.125,boy29,Hip Angle,30.0
0.125,boy29,Knee Angle,19.0
0.125,boy30,Hip Angle,44.0
0.125,boy30,Knee Angle,30.0
0.125,boy31,Hip Angle,44.0
0.125,boy31,Knee Angle,22.0
0.125,boy32,Hip Angle,44.0
0.125,boy32,Knee Angle,25.0
0.125,boy33,Hip Angle,26.0
0.125,boy33,Knee Angle,16.0
0.125,boy34,Hip Angle,38.0
0.125,boy34,Knee Angle,17.0
0.125,boy35,Hip Angle,40.0
0.125,boy35,Knee Angle,19.0
0.125,boy36,Hip Angle,42.0
0.125,boy36,Knee Angle,27.0
0.125,boy37,Hip Angle,38.0
0.125,boy37,Knee Angle,26.0
0.125,boy38,Hip Angle,51.0
0.125,boy38,Knee Angle,28.0
0.125,boy39,Hip Angle,47.0
0.125,boy39,Knee Angle,32.0
0.175,boy1,Hip Angle,29.0
0.175,boy1,Knee Angle,18.0
0.175,boy2,Hip Angle,34.0
0.175,boy2,Knee Angle,25.0
0.175,boy3,Hip Angle,34.0
0.175,boy3,Knee Angle,32.0
0.175,boy4,Hip Angle,20.0
0.175,boy4,Knee Angle,17.0
0.175,boy5,Hip Angle,8.0
0.175,boy5,Knee Angle,6.0
0.175,boy6,Hip Angle,35.0
0.175,boy6,Knee Angle,23.0
0.175,boy7,Hip Angle,25.0
0.175,boy7,Knee Angle,17.0
0.175,boy8,Hip Angle,40.0
0.175,boy8,Knee Angle,19.0
0.175,boy9,Hip Angle,34.0
0.175,boy9,Knee Angle,26.0
0.175,boy10,Hip Angle,28.0
0.175,boy10,Knee Angle,21.0
0.175,boy11,Hip Angle,29.0
0.175,boy11,Knee Angle,23.0
0.175,boy12,Hip Angle,26.0
0.175,boy12,Knee Angle,12.0
0.175,boy13,Hip Angle,23.0
0.175,boy13,Knee Angle,15.0
0.175,boy14,Hip Angle,31.0
0.175,boy14,Knee Angle,22.0
0.175,boy15,Hip Angle,28.0
0.175,boy15,Knee Angle,18.0
0.175,boy16,Hip Angle,32.0
0.175,boy16,Knee Angle,28.0
0.175,boy17,Hip Angle,39.0
0.175,boy17,Knee Angle,33.0
0.175,boy18,Hip Angle,35.0
0.175,boy18,Knee Angle,20.0
0.175,boy19,Hip Angle,22.0
0.175,boy19,Knee Angle,21.0
0.175,boy20,Hip Angle,27.0
0.175,boy20,Knee Angle,17.0
0.175,boy21,Hip Angle,23.0
0.175,boy21,Knee Angle,21.0
0.175,boy22,Hip Angle,30.0
0.175,boy22,Knee Angle,11.0
0.175,boy23,Hip Angle,41.0
0.175,boy23,Knee Angle,20.0
0.175,boy24,Hip Angle,27.0
0.175,boy24,Knee Angle,13.0
0.175,boy25,Hip Angle,27.0
0.175,boy25,Knee Angle,21.0
0.175,boy26,Hip Angle,22.0
0.175,boy26,Knee Angle,21.0
0.175,boy27,Hip Angle,28.0
0.175,boy27,Knee Angle,28.0
0.175,boy28,Hip Angle,34.0
0.175,boy28,Knee Angle,28.0
0.175,boy29,Hip Angle,23.0
0.175,boy29,Knee Angle,20.0
0.175,boy30,Hip Angle,37.0
0.175,boy30,Knee Angle,30.0
0.175,boy31,Hip Angle,37.0
0.175,boy31,Knee Angle,16.0
0.175,boy32,Hip Angle,33.0
0.175,boy32,Knee Angle,23.0
0.175,boy33,Hip Angle,22.0
0.175,boy33,Knee Angle,15.0
0.175,boy34,Hip Angle,31.0
0.175,boy34,Knee Angle,16.0
0.175,boy35,Hip Angle,35.0
0.175,boy35,Knee Angle,19.0
0.175,boy36,Hip Angle,35.0
0.175,boy36,Knee Angle,26.0
0.175,boy37,Hip Angle,32.0
0.175,boy37,Knee Angle,25.0
0.175,boy38,Hip Angle,46.0
0.175,boy38,Knee Angle,28.0
0.175,boy39,Hip Angle,42.0
0.175,boy39,Knee Angle,34.0
0.225,boy1,Hip Angle,23.0
0.225,boy1,Knee Angle,15.0
0.225,boy2,Hip Angle,27.0
0.225,boy2,Knee Angle,18.0
0.225,boy3,Hip Angle,33.0
0.225,boy3,Knee Angle,28.0
0.225,boy4,Hip Angle,15.0
0.225,boy4,Knee Angle,10.0
0.225,boy5,Hip Angle,7.0
0.225,boy5,Knee Angle,5.0
0.225,boy6,Hip Angle,31.0
0.225,boy6,Knee Angle,20.0
0.225,boy7,Hip Angle,18.0
0.225,boy7,Knee Angle,12.0
0.225,boy8,Hip Angle,36.0
0.225,boy8,Knee Angle,19.0
0.225,boy9,Hip Angle,31.0
0.225,boy9,Knee Angle,25.0
0.225,boy10,Hip Angle,19.0
0.225,boy10,Knee Angle,10.0
0.225,boy11,Hip Angle,26.0
0.225,boy11,Knee Angle,18.0
0.225,boy12,Hip Angle,22.0
0.225,boy12,Knee Angle,8.0
0.225,boy13,Hip Angle,19.0
0.225,boy13,Knee Angle,15.0
0.225,boy14,Hip Angle,26.0
0.225,boy14,Knee Angle,21.0
0.225,boy15,Hip Angle,26.0
0.225,boy15,Knee Angle,13.0
0.225,boy16,Hip Angle,27.0
0.225,boy16,Knee Angle,25.0
0.225,boy17,Hip Angle,31.0
0.225,boy17,Knee Angle,29.0
0.225,boy18,Hip Angle,31.0
0.225,boy18,Knee Angle,18.0
0.225,boy19,Hip Angle,18.0
0.225,boy19,Knee Angle,20.0
0.225,boy20,Hip Angle,22.0
0.225,boy20,Knee Angle,14.0
0.225,boy21,Hip Angle,17.0
0.225,boy21,Knee Angle,16.0
0.225,boy22,Hip Angle,24.0
0.225,boy22,Knee Angle,8.0
0.225,boy23,Hip Angle,35.0
0.225,boy23,Knee Angle,18.0
0.225,boy24,Hip Angle,21.0
0.225,boy24,Knee Angle,12.0
0.225,boy25,Hip Angle,26.0
0.225,boy25,Knee Angle,21.0
0.225,boy26,Hip Angle,18.0
0.225,boy26,Knee Angle,20.0
0.225,boy27,Hip Angle,21.0
0.225,boy27,Knee Angle,24.0
0.225,boy28,Hip Angle,23.0
0.225,boy28,Knee Angle,19.0
0.225,boy29,Hip Angle,17.0
0.225,boy29,Knee Angle,18.0
0.225,boy30,Hip Angle,29.0
0.225,boy30,Knee Angle,27.0
0.225,boy31,Hip Angle,30.0
0.225,boy31,Knee Angle,10.0
0.225,boy32,Hip Angle,28.0
0.225,boy32,Knee Angle,18.0
0.225,boy33,Hip Angle,19.0
0.225,boy33,Knee Angle,14.0
0.225,boy34,Hip Angle,25.0
0.225,boy34,Knee Angle,12.0
0.225,boy35,Hip Angle,31.0
0.225,boy35,Knee Angle,19.0
0.225,boy36,Hip Angle,30.0
0.225,boy36,Knee Angle,25.0
0.225,boy37,Hip Angle,24.0
0.225,boy37,Knee Angle,21.0
0.225,boy38,Hip Angle,41.0
0.225,boy38,Knee Angle,25.0
0.225,boy39,Hip Angle,37.0
0.225,boy39,Knee Angle,30.0
0.275,boy1,Hip Angle,18.0
0.275,boy1,Knee Angle,14.0
0.275,boy2,Hip Angle,21.0
0.275,boy2,Knee Angle,12.0
0.275,boy3,Hip Angle,27.0
0.275,boy3,Knee Angle,23.0
0.275,boy4,Hip Angle,15.0
0.275,boy4,Knee Angle,8.0
0.275,boy5,Hip Angle,5.0
0.275,boy5,Knee Angle,6.0
0.275,boy6,Hip Angle,27.0
0.275,boy6,Knee Angle,19.0
0.275,boy7,Hip Angle,15.0
0.275,boy7,Knee Angle,9.0
0.275,boy8,Hip Angle,30.0
0.275,boy8,Knee Angle,15.0
0.275,boy9,Hip Angle,25.0
0.275,boy9,Knee Angle,21.0
0.275,boy10,Hip Angle,15.0
0.275,boy10,Knee Angle,9.0
0.275,boy11,Hip Angle,20.0
0.275,boy11,Knee Angle,13.0
0.275,boy12,Hip Angle,19.0
0.275,boy12,Knee Angle,6.0
0.275,boy13,Hip Angle,15.0
0.275,boy13,Knee Angle,12.0
0.275,boy14,Hip Angle,20.0
0.275,boy14,Knee Angle,19.0
0.275,boy15,Hip Angle,21.0
0.275,boy15,Knee Angle,9.0
0.275,boy16,Hip Angle,20.0
0.275,boy16,Knee Angle,17.0
0.275,boy17,Hip Angle,23.0
0.275,boy17,Knee Angle,24.0
0.275,boy18,Hip Angle,24.0
0.275,boy18,Knee Angle,14.0
0.275,boy19,Hip Angle,13.0
0.275,boy19,Knee Angle,20.0
0.275,boy20,Hip Angle,14.0
0.275,boy20,Knee Angle,8.0
0.275,boy21,Hip Angle,13.0
0.275,boy21,Knee Angle,9.0
0.275,boy22,Hip Angle,16.0
0.275,boy22,Knee Angle,5.0
0.275,boy23,Hip Angle,30.0
0.275,boy23,Knee Angle,12.0
0.275,boy24,Hip Angle,14.0
0.275,boy24,Knee Angle,9.0
0.275,boy25,Hip Angle,19.0
0.275,boy25,Knee Angle,17.0
0.275,boy26,Hip Angle,13.0
0.275,boy26,Knee Angle,20.0
0.275,boy27,Hip Angle,15.0
0.275,boy27,Knee Angle,18.0
0.275,boy28,Hip Angle,15.0
0.275,boy28,Knee Angle,10.0
0.275,boy29,Hip Angle,12.0
0.275,boy29,Knee Angle,17.0
0.275,boy30,Hip Angle,23.0
0.275,boy30,Knee Angle,22.0
0.275,boy31,Hip Angle,27.0
0.275,boy31,Knee Angle,10.0
0.275,boy32,Hip Angle,27.0
0.275,boy32,Knee Angle,19.0
0.275,boy33,Hip Angle,13.0
0.275,boy33,Knee Angle,11.0
0.275,boy34,Hip Angle,20.0
0.275,boy34,Knee Angle,10.0
0.275,boy35,Hip Angle,25.0
0.275,boy35,Knee Angle,15.0
0.275,boy36,Hip Angle,23.0
0.275,boy36,Knee Angle,18.0
0.275,boy37,Hip Angle,18.0
0.275,boy37,Knee Angle,18.0
0.275,boy38,Hip Angle,36.0
0.275,boy38,Knee Angle,21.0
0.275,boy39,Hip Angle,29.0
0.275,boy39,Knee Angle,20.0
0.325,boy1,Hip Angle,15.0
0.325,boy1,Knee Angle,13.0
0.325,boy2,Hip Angle,16.0
0.325,boy2,Knee Angle,10.0
0.325,boy3,Hip Angle,21.0
0.325,boy3,Knee Angle,16.0
0.325,boy4,Hip Angle,10.0
0.325,boy4,Knee Angle,6.0
0.325,boy5,Hip Angle,1.0
0.325,boy5,Knee Angle,6.0
0.325,boy6,Hip Angle,21.0
0.325,boy6,Knee Angle,15.0
0.325,boy7,Hip Angle,14.0
0.325,boy7,Knee Angle,8.0
0.325,boy8,Hip Angle,24.0
0.325,boy8,Knee Angle,11.0
0.325,boy9,Hip Angle,19.0
0.325,boy9,Knee Angle,16.0
0.325,boy10,Hip Angle,13.0
0.325,boy10,Knee Angle,9.0
0.325,boy11,Hip Angle,14.0
0.325,boy11,Knee Angle,12.0
0.325,boy12,Hip Angle,15.0
0.325,boy12,Knee Angle,4.0
0.325,boy13,Hip Angle,13.0
0.325,boy13,Knee Angle,13.0
0.325,boy14,Hip Angle,16.0
0.325,boy14,Knee Angle,19.0
0.325,boy15,Hip Angle,20.0
0.325,boy15,Knee Angle,9.0
0.325,boy16,Hip Angle,17.0
0.325,boy16,Knee Angle,15.0
0.325,boy17,Hip Angle,16.0
0.325,boy17,Knee Angle,18.0
0.325,boy18,Hip Angle,18.0
0.325,boy18,Knee Angle,13.0
0.325,boy19,Hip Angle,11.0
0.325,boy19,Knee Angle,20.0
0.325,boy20,Hip Angle,9.0
0.325,boy20,Knee Angle,7.0
0.325,boy21,Hip Angle,7.0
0.325,boy21,Knee Angle,4.0
0.325,boy22,Hip Angle,12.0
0.325,boy22,Knee Angle,6.0
0.325,boy23,Hip Angle,26.0
0.325,boy23,Knee Angle,11.0
0.325,boy24,Hip Angle,9.0
0.325,boy24,Knee Angle,7.0
0.325,boy25,Hip Angle,15.0
0.325,boy25,Knee Angle,16.0
0.325,boy26,Hip Angle,11.0
0.325,boy26,Knee Angle,20.0
0.325,boy27,Hip Angle,8.0
0.325,boy27,Knee Angle,12.0
0.325,boy28,Hip Angle,11.0
0.325,boy28,Knee Angle,6.0
0.325,boy29,Hip Angle,8.0
0.325,boy29,Knee Angle,15.0
0.325,boy30,Hip Angle,19.0
0.325,boy30,Knee Angle,17.0
0.325,boy31,Hip Angle,21.0
0.325,boy31,Knee Angle,10.0
0.325,boy32,Hip Angle,23.0
0.325,boy32,Knee Angle,21.0
0.325,boy33,Hip Angle,8.0
0.325,boy33,Knee Angle,8.0
0.325,boy34,Hip Angle,13.0
0.325,boy34,Knee Angle,8.0
0.325,boy35,Hip Angle,19.0
0.325,boy35,Knee Angle,12.0
0.325,boy36,Hip Angle,19.0
0.325,boy36,Knee Angle,12.0
0.325,boy37,Hip Angle,10.0
0.325,boy37,Knee Angle,14.0
0.325,boy38,Hip Angle,30.0
0.325,boy38,Knee Angle,19.0
0.325,boy39,Hip Angle,22.0
0.325,boy39,Knee Angle,12.0
0.375,boy1,Hip Angle,12.0
0.375,boy1,Knee Angle,13.0
0.375,boy2,Hip Angle,12.0
0.375,boy2,Knee Angle,9.0
0.375,boy3,Hip Angle,15.0
0.375,boy3,Knee Angle,11.0
0.375,boy4,Hip Angle,6.0
0.375,boy4,Knee Angle,5.0
0.375,boy5,Hip Angle,0.0
0.375,boy5,Knee Angle,7.0
0.375,boy6,Hip Angle,18.0
0.375,boy6,Knee Angle,13.0
0.375,boy7,Hip Angle,10.0
0.375,boy7,Knee Angle,10.0
0.375,boy8,Hip Angle,17.0
0.375,boy8,Knee Angle,8.0
0.375,boy9,Hip Angle,17.0
0.375,boy9,Knee Angle,13.0
0.375,boy10,Hip Angle,6.0
0.375,boy10,Knee Angle,9.0
0.375,boy11,Hip Angle,9.0
0.375,boy11,Knee Angle,15.0
0.375,boy12,Hip Angle,11.0
0.375,boy12,Knee Angle,5.0
0.375,boy13,Hip Angle,10.0
0.375,boy13,Knee Angle,14.0
0.375,boy14,Hip Angle,13.0
0.375,boy14,Knee Angle,19.0
0.375,boy15,Hip Angle,15.0
0.375,boy15,Knee Angle,8.0
0.375,boy16,Hip Angle,10.0
0.375,boy16,Knee Angle,10.0
0.375,boy17,Hip Angle,9.0
0.375,boy17,Knee Angle,14.0
0.375,boy18,Hip Angle,12.0
0.375,boy18,Knee Angle,11.0
0.375,boy19,Hip Angle,7.0
0.375,boy19,Knee Angle,19.0
0.375,boy20,Hip Angle,6.0
0.375,boy20,Knee Angle,7.0
0.375,boy21,Hip Angle,3.0
0.375,boy21,Knee Angle,4.0
0.375,boy22,Hip Angle,8.0
0.375,boy22,Knee Angle,7.0
0.375,boy23,Hip Angle,23.0
0.375,boy23,Knee Angle,9.0
0.375,boy24,Hip Angle,9.0
0.375,boy24,Knee Angle,10.0
0.375,boy25,Hip Angle,10.0
0.375,boy25,Knee Angle,17.0
0.375,boy26,Hip Angle,7.0
0.375,boy26,Knee Angle,19.0
0.375,boy27,Hip Angle,1.0
0.375,boy27,Knee Angle,8.0
0.375,boy28,Hip Angle,7.0
0.375,boy28,Knee Angle,5.0
0.375,boy29,Hip Angle,4.0
0.375,boy29,Knee Angle,11.0
0.375,boy30,Hip Angle,14.0
0.375,boy30,Knee Angle,11.0
0.375,boy31,Hip Angle,18.0
0.375,boy31,Knee Angle,12.0
0.375,boy32,Hip Angle,24.0
0.375,boy32,Knee Angle,25.0
0.375,boy33,Hip Angle,5.0
0.375,boy33,Knee Angle,6.0
0.375,boy34,Hip Angle,7.0
0.375,boy34,Knee Angle,4.0
0.375,boy35,Hip Angle,15.0
0.375,boy35,Knee Angle,11.0
0.375,boy36,Hip Angle,14.0
0.375,boy36,Knee Angle,10.0
0.375,boy37,Hip Angle,6.0
0.375,boy37,Knee Angle,13.0
0.375,boy38,Hip Angle,25.0
0.375,boy38,Knee Angle,17.0
0.375,boy39,Hip Angle,14.0
0.375,boy39,Knee Angle,7.0
0.425,boy1,Hip Angle,9.0
0.425,boy1,Knee Angle,15.0
0.425,boy2,Hip Angle,4.0
0.425,boy2,Knee Angle,7.0
0.425,boy3,Hip Angle,7.0
0.425,boy3,Knee Angle,8.0
0.425,boy4,Hip Angle,3.0
0.425,boy4,Knee Angle,5.0
0.425,boy5,Hip Angle,-2.0
0.425,boy5,Knee Angle,8.0
0.425,boy6,Hip Angle,14.0
0.425,boy6,Knee Angle,9.0
0.425,boy7,Hip Angle,8.0
0.425,boy7,Knee Angle,14.0
0.425,boy8,Hip Angle,12.0
0.425,boy8,Knee Angle,7.0
0.425,boy9,Hip Angle,13.0
0.425,boy9,Knee Angle,8.0
0.425,boy10,Hip Angle,0.0
0.425,boy10,Knee Angle,11.0
0.425,boy11,Hip Angle,3.0
0.425,boy11,Knee Angle,16.0
0.425,boy12,Hip Angle,6.0
0.425,boy12,Knee Angle,5.0
0.425,boy13,Hip Angle,6.0
0.425,boy13,Knee Angle,14.0
0.425,boy14,Hip Angle,10.0
0.425,boy14,Knee Angle,19.0
0.425,boy15,Hip Angle,13.0
0.425,boy15,Knee Angle,11.0
0.425,boy16,Hip Angle,5.0
0.425,boy16,Knee Angle,7.0
0.425,boy17,Hip Angle,4.0
0.425,boy17,Knee Angle,12.0
0.425,boy18,Hip Angle,6.0
0.425,boy18,Knee Angle,9.0
0.425,boy19,Hip Angle,1.0
0.425,boy19,Knee Angle,16.0
0.425,boy20,Hip Angle,4.0
0.425,boy20,Knee Angle,7.0
0.425,boy21,Hip Angle,0.0
0.425,boy21,Knee Angle,5.0
0.425,boy22,Hip Angle,5.0
0.425,boy22,Knee Angle,8.0
0.425,boy23,Hip Angle,20.0
0.425,boy23,Knee Angle,11.0
0.425,boy24,Hip Angle,6.0
0.425,boy24,Knee Angle,9.0
0.425,boy25,Hip Angle,4.0
0.425,boy25,Knee Angle,15.0
0.425,boy26,Hip Angle,1.0
0.425,boy26,Knee Angle,16.0
0.425,boy27,Hip Angle,-5.0
0.425,boy27,Knee Angle,7.0
0.425,boy28,Hip Angle,5.0
0.425,boy28,Knee Angle,10.0
0.425,boy29,Hip Angle,1.0
0.425,boy29,Knee Angle,9.0
0.425,boy30,Hip Angle,8.0
0.425,boy30,Knee Angle,7.0
0.425,boy31,Hip Angle,15.0
0.425,boy31,Knee Angle,13.0
0.425,boy32,Hip Angle,19.0
0.425,boy32,Knee Angle,24.0
0.425,boy33,Hip Angle,-1.0
0.425,boy33,Knee Angle,5.0
0.425,boy34,Hip Angle,1.0
0.425,boy34,Knee Angle,2.0
0.425,boy35,Hip Angle,10.0
0.425,boy35,Knee Angle,10.0
0.425,boy36,Hip Angle,9.0
0.425,boy36,Knee Angle,9.0
0.425,boy37,Hip Angle,3.0
0.425,boy37,Knee Angle,14.0
0.425,boy38,Hip Angle,21.0
0.425,boy38,Knee Angle,16.0
0.425,boy39,Hip Angle,8.0
0.425,boy39,Knee Angle,6.0
0.475,boy1,Hip Angle,6.0
0.475,boy1,Knee Angle,21.0
0.475,boy2,Hip Angle,-1.0
0.475,boy2,Knee Angle,9.0
0.475,boy3,Hip Angle,1.0
0.475,boy3,Knee Angle,11.0
0.475,boy4,Hip Angle,0.0
0.475,boy4,Knee Angle,9.0
0.475,boy5,Hip Angle,-4.0
0.475,boy5,Knee Angle,15.0
0.475,boy6,Hip Angle,10.0
0.475,boy6,Knee Angle,10.0
0.475,boy7,Hip Angle,4.0
0.475,boy7,Knee Angle,16.0
0.475,boy8,Hip Angle,7.0
0.475,boy8,Knee Angle,8.0
0.475,boy9,Hip Angle,10.0
0.475,boy9,Knee Angle,8.0
0.475,boy10,Hip Angle,-1.0
0.475,boy10,Knee Angle,19.0
0.475,boy11,Hip Angle,-2.0
0.475,boy11,Knee Angle,19.0
0.475,boy12,Hip Angle,3.0
0.475,boy12,Knee Angle,10.0
0.475,boy13,Hip Angle,1.0
0.475,boy13,Knee Angle,15.0
0.475,boy14,Hip Angle,8.0
0.475,boy14,Knee Angle,20.0
0.475,boy15,Hip Angle,7.0
0.475,boy15,Knee Angle,12.0
0.475,boy16,Hip Angle,-2.0
0.475,boy16,Knee Angle,7.0
0.475,boy17,Hip Angle,0.0
0.475,boy17,Knee Angle,14.0
0.475,boy18,Hip Angle,3.0
0.475,boy18,Knee Angle,11.0
0.475,boy19,Hip Angle,-2.0
0.475,boy19,Knee Angle,16.0
0.475,boy20,Hip Angle,-1.0
0.475,boy20,Knee Angle,8.0
0.475,boy21,Hip Angle,-3.0
0.475,boy21,Knee Angle,9.0
0.475,boy22,Hip Angle,2.0
0.475,boy22,Knee Angle,10.0
0.475,boy23,Hip Angle,11.0
0.475,boy23,Knee Angle,10.0
0.475,boy24,Hip Angle,4.0
0.475,boy24,Knee Angle,13.0
0.475,boy25,Hip Angle,0.0
0.475,boy25,Knee Angle,19.0
0.475,boy26,Hip Angle,-2.0
0.475,boy26,Knee Angle,16.0
0.475,boy27,Hip Angle,-11.0
0.475,boy27,Knee Angle,8.0
0.475,boy28,Hip Angle,6.0
0.475,boy28,Knee Angle,19.0
0.475,boy29,Hip Angle,0.0
0.475,boy29,Knee Angle,9.0
0.475,boy30,Hip Angle,3.0
0.475,boy30,Knee Angle,7.0
0.475,boy31,Hip Angle,11.0
0.475,boy31,Knee Angle,17.0
0.475,boy32,Hip Angle,15.0
0.475,boy32,Knee Angle,25.0
0.475,boy33,Hip Angle,-6.0
0.475,boy33,Knee Angle,9.0
0.475,boy34,Hip Angle,-4.0
0.475,boy34,Knee Angle,4.0
0.475,boy35,Hip Angle,5.0
0.475,boy35,Knee Angle,12.0
0.475,boy36,Hip Angle,4.0
0.475,boy36,Knee Angle,13.0
0.475,boy37,Hip Angle,0.0
0.475,boy37,Knee Angle,17.0
0.475,boy38,Hip Angle,15.0
0.475,boy38,Knee Angle,13.0
0.475,boy39,Hip Angle,5.0
0.475,boy39,Knee Angle,11.0
0.525,boy1,Hip Angle,4.0
0.525,boy1,Knee Angle,26.0
0.525,boy2,Hip Angle,-2.0
0.525,boy2,Knee Angle,17.0
0.525,boy3,Hip Angle,-3.0
0.525,boy3,Knee Angle,18.0
0.525,boy4,Hip Angle,3.0
0.525,boy4,Knee Angle,20.0
0.525,boy5,Hip Angle,-4.0
0.525,boy5,Knee Angle,24.0
0.525,boy6,Hip Angle,8.0
0.525,boy6,Knee Angle,14.0
0.525,boy7,Hip Angle,0.0
0.525,boy7,Knee Angle,22.0
0.525,boy8,Hip Angle,1.0
0.525,boy8,Knee Angle,12.0
0.525,boy9,Hip Angle,5.0
0.525,boy9,Knee Angle,10.0
0.525,boy10,Hip Angle,2.0
0.525,boy10,Knee Angle,33.0
0.525,boy11,Hip Angle,-1.0
0.525,boy11,Knee Angle,27.0
0.525,boy12,Hip Angle,0.0
0.525,boy12,Knee Angle,19.0
0.525,boy13,Hip Angle,0.0
0.525,boy13,Knee Angle,20.0
0.525,boy14,Hip Angle,4.0
0.525,boy14,Knee Angle,25.0
0.525,boy15,Hip Angle,3.0
0.525,boy15,Knee Angle,20.0
0.525,boy16,Hip Angle,-4.0
0.525,boy16,Knee Angle,13.0
0.525,boy17,Hip Angle,-5.0
0.525,boy17,Knee Angle,20.0
0.525,boy18,Hip Angle,2.0
0.525,boy18,Knee Angle,19.0
0.525,boy19,Hip Angle,-3.0
0.525,boy19,Knee Angle,21.0
0.525,boy20,Hip Angle,1.0
0.525,boy20,Knee Angle,17.0
0.525,boy21,Hip Angle,-3.0
0.525,boy21,Knee Angle,19.0
0.525,boy22,Hip Angle,1.0
0.525,boy22,Knee Angle,18.0
0.525,boy23,Hip Angle,8.0
0.525,boy23,Knee Angle,16.0
0.525,boy24,Hip Angle,2.0
0.525,boy24,Knee Angle,21.0
0.525,boy25,Hip Angle,0.0
0.525,boy25,Knee Angle,28.0
0.525,boy26,Hip Angle,-3.0
0.525,boy26,Knee Angle,21.0
0.525,boy27,Hip Angle,-12.0
0.525,boy27,Knee Angle,16.0
0.525,boy28,Hip Angle,8.0
0.525,boy28,Knee Angle,33.0
0.525,boy29,Hip Angle,-4.0
0.525,boy29,Knee Angle,12.0
0.525,boy30,Hip Angle,-2.0
0.525,boy30,Knee Angle,13.0
0.525,boy31,Hip Angle,12.0
0.525,boy31,Knee Angle,28.0
0.525,boy32,Hip Angle,15.0
0.525,boy32,Knee Angle,27.0
0.525,boy33,Hip Angle,-5.0
0.525,boy33,Knee Angle,18.0
0.525,boy34,Hip Angle,-3.0
0.525,boy34,Knee Angle,12.0
0.525,boy35,Hip Angle,3.0
0.525,boy35,Knee Angle,20.0
0.525,boy36,Hip Angle,-1.0
0.525,boy36,Knee Angle,16.0
0.525,boy37,Hip Angle,-2.0
0.525,boy37,Knee Angle,24.0
0.525,boy38,Hip Angle,8.0
0.525,boy38,Knee Angle,13.0
0.525,boy39,Hip Angle,8.0
0.525,boy39,Knee Angle,24.0
0.575,boy1,Hip Angle,6.0
0.575,boy1,Knee Angle,39.0
0.575,boy2,Hip Angle,2.0
0.575,boy2,Knee Angle,32.0
0.575,boy3,Hip Angle,-1.0
0.575,boy3,Knee Angle,33.0
0.575,boy4,Hip Angle,4.0
0.575,boy4,Knee Angle,40.0
0.575,boy5,Hip Angle,1.0
0.575,boy5,Knee Angle,41.0
0.575,boy6,Hip Angle,8.0
0.575,boy6,Knee Angle,25.0
0.575,boy7,Hip Angle,3.0
0.575,boy7,Knee Angle,36.0
0.575,boy8,Hip Angle,3.0
0.575,boy8,Knee Angle,26.0
0.575,boy9,Hip Angle,7.0
0.575,boy9,Knee Angle,22.0
0.575,boy10,Hip Angle,11.0
0.575,boy10,Knee Angle,55.0
0.575,boy11,Hip Angle,5.0
0.575,boy11,Knee Angle,43.0
0.575,boy12,Hip Angle,4.0
0.575,boy12,Knee Angle,36.0
0.575,boy13,Hip Angle,3.0
0.575,boy13,Knee Angle,31.0
0.575,boy14,Hip Angle,12.0
0.575,boy14,Knee Angle,41.0
0.575,boy15,Hip Angle,8.0
0.575,boy15,Knee Angle,38.0
0.575,boy16,Hip Angle,-2.0
0.575,boy16,Knee Angle,25.0
0.575,boy17,Hip Angle,1.0
0.575,boy17,Knee Angle,36.0
0.575,boy18,Hip Angle,5.0
0.575,boy18,Knee Angle,34.0
0.575,boy19,Hip Angle,-3.0
0.575,boy19,Knee Angle,31.0
0.575,boy20,Hip Angle,2.0
0.575,boy20,Knee Angle,30.0
0.575,boy21,Hip Angle,1.0
0.575,boy21,Knee Angle,36.0
0.575,boy22,Hip Angle,8.0
0.575,boy22,Knee Angle,36.0
0.575,boy23,Hip Angle,10.0
0.575,boy23,Knee Angle,30.0
0.575,boy24,Hip Angle,3.0
0.575,boy24,Knee Angle,39.0
0.575,boy25,Hip Angle,4.0
0.575,boy25,Knee Angle,42.0
0.575,boy26,Hip Angle,-3.0
0.575,boy26,Knee Angle,31.0
0.575,boy27,Hip Angle,-7.0
0.575,boy27,Knee Angle,33.0
0.575,boy28,Hip Angle,12.0
0.575,boy28,Knee Angle,50.0
0.575,boy29,Hip Angle,-4.0
0.575,boy29,Knee Angle,23.0
0.575,boy30,Hip Angle,1.0
0.575,boy30,Knee Angle,31.0
0.575,boy31,Hip Angle,20.0
0.575,boy31,Knee Angle,47.0
0.575,boy32,Hip Angle,16.0
0.575,boy32,Knee Angle,39.0
0.575,boy33,Hip Angle,0.0
0.575,boy33,Knee Angle,39.0
0.575,boy34,Hip Angle,-2.0
0.575,boy34,Knee Angle,27.0
0.575,boy35,Hip Angle,6.0
0.575,boy35,Knee Angle,36.0
0.575,boy36,Hip Angle,3.0
0.575,boy36,Knee Angle,33.0
0.575,boy37,Hip Angle,-1.0
0.575,boy37,Knee Angle,37.0
0.575,boy38,Hip Angle,5.0
0.575,boy38,Knee Angle,19.0
0.575,boy39,Hip Angle,15.0
0.575,boy39,Knee Angle,45.0
0.625,boy1,Hip Angle,13.0
0.625,boy1,Knee Angle,52.0
0.625,boy2,Hip Angle,12.0
0.625,boy2,Knee Angle,51.0
0.625,boy3,Hip Angle,10.0
0.625,boy3,Knee Angle,56.0
0.625,boy4,Hip Angle,10.0
0.625,boy4,Knee Angle,57.0
0.625,boy5,Hip Angle,10.0
0.625,boy5,Knee Angle,59.0
0.625,boy6,Hip Angle,11.0
0.625,boy6,Knee Angle,40.0
0.625,boy7,Hip Angle,9.0
0.625,boy7,Knee Angle,51.0
0.625,boy8,Hip Angle,12.0
0.625,boy8,Knee Angle,47.0
0.625,boy9,Hip Angle,13.0
0.625,boy9,Knee Angle,40.0
0.625,boy10,Hip Angle,20.0
0.625,boy10,Knee Angle,69.0
0.625,boy11,Hip Angle,15.0
0.625,boy11,Knee Angle,60.0
0.625,boy12,Hip Angle,16.0
0.625,boy12,Knee Angle,58.0
0.625,boy13,Hip Angle,8.0
0.625,boy13,Knee Angle,45.0
0.625,boy14,Hip Angle,19.0
0.625,boy14,Knee Angle,58.0
0.625,boy15,Hip Angle,16.0
0.625,boy15,Knee Angle,56.0
0.625,boy16,Hip Angle,7.0
0.625,boy16,Knee Angle,46.0
0.625,boy17,Hip Angle,10.0
0.625,boy17,Knee Angle,55.0
0.625,boy18,Hip Angle,12.0
0.625,boy18,Knee Angle,53.0
0.625,boy19,Hip Angle,2.0
0.625,boy19,Knee Angle,49.0
0.625,boy20,Hip Angle,11.0
0.625,boy20,Knee Angle,49.0
0.625,boy21,Hip Angle,11.0
0.625,boy21,Knee Angle,56.0
0.625,boy22,Hip Angle,16.0
0.625,boy22,Knee Angle,53.0
0.625,boy23,Hip Angle,19.0
0.625,boy23,Knee Angle,49.0
0.625,boy24,Hip Angle,13.0
0.625,boy24,Knee Angle,59.0
0.625,boy25,Hip Angle,12.0
0.625,boy25,Knee Angle,59.0
0.625,boy26,Hip Angle,2.0
0.625,boy26,Knee Angle,49.0
0.625,boy27,Hip Angle,4.0
0.625,boy27,Knee Angle,52.0
0.625,boy28,Hip Angle,22.0
0.625,boy28,Knee Angle,68.0
0.625,boy29,Hip Angle,1.0
0.625,boy29,Knee Angle,40.0
0.625,boy30,Hip Angle,12.0
0.625,boy30,Knee Angle,52.0
0.625,boy31,Hip Angle,30.0
0.625,boy31,Knee Angle,64.0
0.625,boy32,Hip Angle,24.0
0.625,boy32,Knee Angle,59.0
0.625,boy33,Hip Angle,12.0
0.625,boy33,Knee Angle,56.0
0.625,boy34,Hip Angle,8.0
0.625,boy34,Knee Angle,48.0
0.625,boy35,Hip Angle,14.0
0.625,boy35,Knee Angle,56.0
0.625,boy36,Hip Angle,9.0
0.625,boy36,Knee Angle,53.0
0.625,boy37,Hip Angle,6.0
0.625,boy37,Knee Angle,56.0
0.625,boy38,Hip Angle,9.0
0.625,boy38,Knee Angle,37.0
0.625,boy39,Hip Angle,24.0
0.625,boy39,Knee Angle,67.0
0.675,boy1,Hip Angle,22.0
0.675,boy1,Knee Angle,64.0
0.675,boy2,Hip Angle,24.0
0.675,boy2,Knee Angle,67.0
0.675,boy3,Hip Angle,22.0
0.675,boy3,Knee Angle,72.0
0.675,boy4,Hip Angle,14.0
0.675,boy4,Knee Angle,66.0
0.675,boy5,Hip Angle,18.0
0.675,boy5,Knee Angle,69.0
0.675,boy6,Hip Angle,21.0
0.675,boy6,Knee Angle,58.0
0.675,boy7,Hip Angle,19.0
0.675,boy7,Knee Angle,64.0
0.675,boy8,Hip Angle,24.0
0.675,boy8,Knee Angle,68.0
0.675,boy9,Hip Angle,21.0
0.675,boy9,Knee Angle,56.0
0.675,boy10,Hip Angle,30.0
0.675,boy10,Knee Angle,75.0
0.675,boy11,Hip Angle,24.0
0.675,boy11,Knee Angle,70.0
0.675,boy12,Hip Angle,27.0
0.675,boy12,Knee Angle,70.0
0.675,boy13,Hip Angle,16.0
0.675,boy13,Knee Angle,60.0
0.675,boy14,Hip Angle,27.0
0.675,boy14,Knee Angle,70.0
0.675,boy15,Hip Angle,25.0
0.675,boy15,Knee Angle,67.0
0.675,boy16,Hip Angle,24.0
0.675,boy16,Knee Angle,68.0
0.675,boy17,Hip Angle,21.0
0.675,boy17,Knee Angle,69.0
0.675,boy18,Hip Angle,22.0
0.675,boy18,Knee Angle,66.0
0.675,boy19,Hip Angle,13.0
0.675,boy19,Knee Angle,69.0
0.675,boy20,Hip Angle,17.0
0.675,boy20,Knee Angle,60.0
0.675,boy21,Hip Angle,20.0
0.675,boy21,Knee Angle,70.0
0.675,boy22,Hip Angle,24.0
0.675,boy22,Knee Angle,65.0
0.675,boy23,Hip Angle,35.0
0.675,boy23,Knee Angle,68.0
0.675,boy24,Hip Angle,30.0
0.675,boy24,Knee Angle,76.0
0.675,boy25,Hip Angle,22.0
0.675,boy25,Knee Angle,70.0
0.675,boy26,Hip Angle,13.0
0.675,boy26,Knee Angle,69.0
0.675,boy27,Hip Angle,16.0
0.675,boy27,Knee Angle,68.0
0.675,boy28,Hip Angle,33.0
0.675,boy28,Knee Angle,79.0
0.675,boy29,Hip Angle,10.0
0.675,boy29,Knee Angle,58.0
0.675,boy30,Hip Angle,26.0
0.675,boy30,Knee Angle,69.0
0.675,boy31,Hip Angle,41.0
0.675,boy31,Knee Angle,72.0
0.675,boy32,Hip Angle,32.0
0.675,boy32,Knee Angle,72.0
0.675,boy33,Hip Angle,22.0
0.675,boy33,Knee Angle,68.0
0.675,boy34,Hip Angle,22.0
0.675,boy34,Knee Angle,66.0
0.675,boy35,Hip Angle,27.0
0.675,boy35,Knee Angle,72.0
0.675,boy36,Hip Angle,25.0
0.675,boy36,Knee Angle,73.0
0.675,boy37,Hip Angle,20.0
0.675,boy37,Knee Angle,73.0
0.675,boy38,Hip Angle,19.0
0.675,boy38,Knee Angle,57.0
0.675,boy39,Hip Angle,36.0
0.675,boy39,Knee Angle,79.0
0.725,boy1,Hip Angle,31.0
0.725,boy1,Knee Angle,70.0
0.725,boy2,Hip Angle,34.0
0.725,boy2,Knee Angle,70.0
0.725,boy3,Hip Angle,34.0
0.725,boy3,Knee Angle,79.0
0.725,boy4,Hip Angle,23.0
0.725,boy4,Knee Angle,67.0
0.725,boy5,Hip Angle,27.0
0.725,boy5,Knee Angle,71.0
0.725,boy6,Hip Angle,32.0
0.725,boy6,Knee Angle,65.0
0.725,boy7,Hip Angle,31.0
0.725,boy7,Knee Angle,71.0
0.725,boy8,Hip Angle,35.0
0.725,boy8,Knee Angle,79.0
0.725,boy9,Hip Angle,29.0
0.725,boy9,Knee Angle,65.0
0.725,boy10,Hip Angle,39.0
0.725,boy10,Knee Angle,77.0
0.725,boy11,Hip Angle,36.0
0.725,boy11,Knee Angle,75.0
0.725,boy12,Hip Angle,35.0
0.725,boy12,Knee Angle,72.0
0.725,boy13,Hip Angle,27.0
0.725,boy13,Knee Angle,71.0
0.725,boy14,Hip Angle,37.0
0.725,boy14,Knee Angle,73.0
0.725,boy15,Hip Angle,35.0
0.725,boy15,Knee Angle,71.0
0.725,boy16,Hip Angle,38.0
0.725,boy16,Knee Angle,79.0
0.725,boy17,Hip Angle,33.0
0.725,boy17,Knee Angle,75.0
0.725,boy18,Hip Angle,32.0
0.725,boy18,Knee Angle,73.0
0.725,boy19,Hip Angle,22.0
0.725,boy19,Knee Angle,74.0
0.725,boy20,Hip Angle,34.0
0.725,boy20,Knee Angle,71.0
0.725,boy21,Hip Angle,36.0
0.725,boy21,Knee Angle,80.0
0.725,boy22,Hip Angle,33.0
0.725,boy22,Knee Angle,72.0
0.725,boy23,Hip Angle,41.0
0.725,boy23,Knee Angle,69.0
0.725,boy24,Hip Angle,37.0
0.725,boy24,Knee Angle,76.0
0.725,boy25,Hip Angle,31.0
0.725,boy25,Knee Angle,73.0
0.725,boy26,Hip Angle,22.0
0.725,boy26,Knee Angle,74.0
0.725,boy27,Hip Angle,26.0
0.725,boy27,Knee Angle,78.0
0.725,boy28,Hip Angle,43.0
0.725,boy28,Knee Angle,81.0
0.725,boy29,Hip Angle,22.0
0.725,boy29,Knee Angle,71.0
0.725,boy30,Hip Angle,39.0
0.725,boy30,Knee Angle,75.0
0.725,boy31,Hip Angle,50.0
0.725,boy31,Knee Angle,72.0
0.725,boy32,Hip Angle,43.0
0.725,boy32,Knee Angle,77.0
0.725,boy33,Hip Angle,30.0
0.725,boy33,Knee Angle,71.0
0.725,boy34,Hip Angle,34.0
0.725,boy34,Knee Angle,76.0
0.725,boy35,Hip Angle,40.0
0.725,boy35,Knee Angle,80.0
0.725,boy36,Hip Angle,37.0
0.725,boy36,Knee Angle,77.0
0.725,boy37,Hip Angle,36.0
0.725,boy37,Knee Angle,82.0
0.725,boy38,Hip Angle,31.0
0.725,boy38,Knee Angle,69.0
0.725,boy39,Hip Angle,51.0
0.725,boy39,Knee Angle,82.0
0.775,boy1,Hip Angle,38.0
0.775,boy1,Knee Angle,66.0
0.775,boy2,Hip Angle,42.0
0.775,boy2,Knee Angle,66.0
0.775,boy3,Hip Angle,43.0
0.775,boy3,Knee Angle,77.0
0.775,boy4,Hip Angle,31.0
0.775,boy4,Knee Angle,61.0
0.775,boy5,Hip Angle,36.0
0.775,boy5,Knee Angle,66.0
0.775,boy6,Hip Angle,40.0
0.775,boy6,Knee Angle,66.0
0.775,boy7,Hip Angle,37.0
0.775,boy7,Knee Angle,68.0
0.775,boy8,Hip Angle,44.0
0.775,boy8,Knee Angle,76.0
0.775,boy9,Hip Angle,39.0
0.775,boy9,Knee Angle,67.0
0.775,boy10,Hip Angle,45.0
0.775,boy10,Knee Angle,70.0
0.775,boy11,Hip Angle,44.0
0.775,boy11,Knee Angle,69.0
0.775,boy12,Hip Angle,41.0
0.775,boy12,Knee Angle,66.0
0.775,boy13,Hip Angle,34.0
0.775,boy13,Knee Angle,70.0
0.775,boy14,Hip Angle,41.0
0.775,boy14,Knee Angle,68.0
0.775,boy15,Hip Angle,43.0
0.775,boy15,Knee Angle,65.0
0.775,boy16,Hip Angle,49.0
0.775,boy16,Knee Angle,77.0
0.775,boy17,Hip Angle,44.0
0.775,boy17,Knee Angle,72.0
0.775,boy18,Hip Angle,42.0
0.775,boy18,Knee Angle,72.0
0.775,boy19,Hip Angle,32.0
0.775,boy19,Knee Angle,71.0
0.775,boy20,Hip Angle,35.0
0.775,boy20,Knee Angle,65.0
0.775,boy21,Hip Angle,48.0
0.775,boy21,Knee Angle,80.0
0.775,boy22,Hip Angle,42.0
0.775,boy22,Knee Angle,73.0
0.775,boy23,Hip Angle,52.0
0.775,boy23,Knee Angle,69.0
0.775,boy24,Hip Angle,47.0
0.775,boy24,Knee Angle,71.0
0.775,boy25,Hip Angle,40.0
0.775,boy25,Knee Angle,66.0
0.775,boy26,Hip Angle,32.0
0.775,boy26,Knee Angle,71.0
0.775,boy27,Hip Angle,37.0
0.775,boy27,Knee Angle,80.0
0.775,boy28,Hip Angle,51.0
0.775,boy28,Knee Angle,75.0
0.775,boy29,Hip Angle,32.0
0.775,boy29,Knee Angle,70.0
0.775,boy30,Hip Angle,48.0
0.775,boy30,Knee Angle,68.0
0.775,boy31,Hip Angle,56.0
0.775,boy31,Knee Angle,63.0
0.775,boy32,Hip Angle,52.0
0.775,boy32,Knee Angle,69.0
0.775,boy33,Hip Angle,36.0
0.775,boy33,Knee Angle,67.0
0.775,boy34,Hip Angle,45.0
0.775,boy34,Knee Angle,77.0
0.775,boy35,Hip Angle,48.0
0.775,boy35,Knee Angle,75.0
0.775,boy36,Hip Angle,45.0
0.775,boy36,Knee Angle,75.0
0.775,boy37,Hip Angle,44.0
0.775,boy37,Knee Angle,76.0
0.775,boy38,Hip Angle,43.0
0.775,boy38,Knee Angle,71.0
0.775,boy39,Hip Angle,59.0
0.775,boy39,Knee Angle,76.0
0.825,boy1,Hip Angle,43.0
0.825,boy1,Knee Angle,57.0
0.825,boy2,Hip Angle,47.0
0.825,boy2,Knee Angle,55.0
0.825,boy3,Hip Angle,51.0
0.825,boy3,Knee Angle,67.0
0.825,boy4,Hip Angle,33.0
0.825,boy4,Knee Angle,43.0
0.825,boy5,Hip Angle,34.0
0.825,boy5,Knee Angle,44.0
0.825,boy6,Hip Angle,49.0
0.825,boy6,Knee Angle,61.0
0.825,boy7,Hip Angle,46.0
0.825,boy7,Knee Angle,65.0
0.825,boy8,Hip Angle,49.0
0.825,boy8,Knee Angle,61.0
0.825,boy9,Hip Angle,47.0
0.825,boy9,Knee Angle,61.0
0.825,boy10,Hip Angle,48.0
0.825,boy10,Knee Angle,55.0
0.825,boy11,Hip Angle,47.0
0.825,boy11,Knee Angle,50.0
0.825,boy12,Hip Angle,44.0
0.825,boy12,Knee Angle,51.0
0.825,boy13,Hip Angle,40.0
0.825,boy13,Knee Angle,62.0
0.825,boy14,Hip Angle,44.0
0.825,boy14,Knee Angle,53.0
0.825,boy15,Hip Angle,49.0
0.825,boy15,Knee Angle,48.0
0.825,boy16,Hip Angle,57.0
0.825,boy16,Knee Angle,67.0
0.825,boy17,Hip Angle,51.0
0.825,boy17,Knee Angle,60.0
0.825,boy18,Hip Angle,46.0
0.825,boy18,Knee Angle,61.0
0.825,boy19,Hip Angle,39.0
0.825,boy19,Knee Angle,60.0
0.825,boy20,Hip Angle,40.0
0.825,boy20,Knee Angle,58.0
0.825,boy21,Hip Angle,55.0
0.825,boy21,Knee Angle,68.0
0.825,boy22,Hip Angle,48.0
0.825,boy22,Knee Angle,64.0
0.825,boy23,Hip Angle,57.0
0.825,boy23,Knee Angle,63.0
0.825,boy24,Hip Angle,53.0
0.825,boy24,Knee Angle,55.0
0.825,boy25,Hip Angle,43.0
0.825,boy25,Knee Angle,49.0
0.825,boy26,Hip Angle,39.0
0.825,boy26,Knee Angle,60.0
0.825,boy27,Hip Angle,44.0
0.825,boy27,Knee Angle,74.0
0.825,boy28,Hip Angle,57.0
0.825,boy28,Knee Angle,61.0
0.825,boy29,Hip Angle,38.0
0.825,boy29,Knee Angle,56.0
0.825,boy30,Hip Angle,52.0
0.825,boy30,Knee Angle,46.0
0.825,boy31,Hip Angle,61.0
0.825,boy31,Knee Angle,47.0
0.825,boy32,Hip Angle,58.0
0.825,boy32,Knee Angle,60.0
0.825,boy33,Hip Angle,39.0
0.825,boy33,Knee Angle,54.0
0.825,boy34,Hip Angle,53.0
0.825,boy34,Knee Angle,71.0
0.825,boy35,Hip Angle,53.0
0.825,boy35,Knee Angle,59.0
0.825,boy36,Hip Angle,52.0
0.825,boy36,Knee Angle,64.0
0.825,boy37,Hip Angle,49.0
0.825,boy37,Knee Angle,59.0
0.825,boy38,Hip Angle,52.0
0.825,boy38,Knee Angle,62.0
0.825,boy39,Hip Angle,63.0
0.825,boy39,Knee Angle,65.0
0.875,boy1,Hip Angle,44.0
0.875,boy1,Knee Angle,40.0
0.875,boy2,Hip Angle,48.0
0.875,boy2,Knee Angle,39.0
0.875,boy3,Hip Angle,53.0
0.875,boy3,Knee Angle,46.0
0.875,boy4,Hip Angle,35.0
0.875,boy4,Knee Angle,18.0
0.875,boy5,Hip Angle,33.0
0.875,boy5,Knee Angle,23.0
0.875,boy6,Hip Angle,55.0
0.875,boy6,Knee Angle,45.0
0.875,boy7,Hip Angle,45.0
0.875,boy7,Knee Angle,40.0
0.875,boy8,Hip Angle,49.0
0.875,boy8,Knee Angle,35.0
0.875,boy9,Hip Angle,51.0
0.875,boy9,Knee Angle,47.0
0.875,boy10,Hip Angle,48.0
0.875,boy10,Knee Angle,36.0
0.875,boy11,Hip Angle,45.0
0.875,boy11,Knee Angle,25.0
0.875,boy12,Hip Angle,45.0
0.875,boy12,Knee Angle,30.0
0.875,boy13,Hip Angle,41.0
0.875,boy13,Knee Angle,45.0
0.875,boy14,Hip Angle,44.0
0.875,boy14,Knee Angle,32.0
0.875,boy15,Hip Angle,50.0
0.875,boy15,Knee Angle,25.0
0.875,boy16,Hip Angle,59.0
0.875,boy16,Knee Angle,48.0
0.875,boy17,Hip Angle,55.0
0.875,boy17,Knee Angle,43.0
0.875,boy18,Hip Angle,48.0
0.875,boy18,Knee Angle,43.0
0.875,boy19,Hip Angle,41.0
0.875,boy19,Knee Angle,41.0
0.875,boy20,Hip Angle,43.0
0.875,boy20,Knee Angle,39.0
0.875,boy21,Hip Angle,57.0
0.875,boy21,Knee Angle,48.0
0.875,boy22,Hip Angle,48.0
0.875,boy22,Knee Angle,46.0
0.875,boy23,Hip Angle,61.0
0.875,boy23,Knee Angle,44.0
0.875,boy24,Hip Angle,53.0
0.875,boy24,Knee Angle,26.0
0.875,boy25,Hip Angle,43.0
0.875,boy25,Knee Angle,24.0
0.875,boy26,Hip Angle,41.0
0.875,boy26,Knee Angle,41.0
0.875,boy27,Hip Angle,47.0
0.875,boy27,Knee Angle,57.0
0.875,boy28,Hip Angle,58.0
0.875,boy28,Knee Angle,42.0
0.875,boy29,Hip Angle,41.0
0.875,boy29,Knee Angle,36.0
0.875,boy30,Hip Angle,48.0
0.875,boy30,Knee Angle,21.0
0.875,boy31,Hip Angle,59.0
0.875,boy31,Knee Angle,23.0
0.875,boy32,Hip Angle,59.0
0.875,boy32,Knee Angle,38.0
0.875,boy33,Hip Angle,36.0
0.875,boy33,Knee Angle,30.0
0.875,boy34,Hip Angle,57.0
0.875,boy34,Knee Angle,54.0
0.875,boy35,Hip Angle,53.0
0.875,boy35,Knee Angle,34.0
0.875,boy36,Hip Angle,53.0
0.875,boy36,Knee Angle,44.0
0.875,boy37,Hip Angle,46.0
0.875,boy37,Knee Angle,31.0
0.875,boy38,Hip Angle,56.0
0.875,boy38,Knee Angle,45.0
0.875,boy39,Hip Angle,64.0
0.875,boy39,Knee Angle,46.0
0.925,boy1,Hip Angle,40.0
0.925,boy1,Knee Angle,22.0
0.925,boy2,Hip Angle,45.0
0.925,boy2,Knee Angle,23.0
0.925,boy3,Hip Angle,50.0
0.925,boy3,Knee Angle,22.0
0.925,boy4,Hip Angle,34.0
0.925,boy4,Knee Angle,3.0
0.925,boy5,Hip Angle,32.0
0.925,boy5,Knee Angle,5.0
0.925,boy6,Hip Angle,56.0
0.925,boy6,Knee Angle,21.0
0.925,boy7,Hip Angle,46.0
0.925,boy7,Knee Angle,17.0
0.925,boy8,Hip Angle,47.0
0.925,boy8,Knee Angle,13.0
0.925,boy9,Hip Angle,52.0
0.925,boy9,Knee Angle,26.0
0.925,boy10,Hip Angle,43.0
0.925,boy10,Knee Angle,17.0
0.925,boy11,Hip Angle,42.0
0.925,boy11,Knee Angle,13.0
0.925,boy12,Hip Angle,40.0
0.925,boy12,Knee Angle,8.0
0.925,boy13,Hip Angle,39.0
0.925,boy13,Knee Angle,26.0
0.925,boy14,Hip Angle,41.0
0.925,boy14,Knee Angle,16.0
0.925,boy15,Hip Angle,45.0
0.925,boy15,Knee Angle,5.0
0.925,boy16,Hip Angle,54.0
0.925,boy16,Knee Angle,23.0
0.925,boy17,Hip Angle,56.0
0.925,boy17,Knee Angle,26.0
0.925,boy18,Hip Angle,49.0
0.925,boy18,Knee Angle,22.0
0.925,boy19,Hip Angle,38.0
0.925,boy19,Knee Angle,23.0
0.925,boy20,Hip Angle,43.0
0.925,boy20,Knee Angle,20.0
0.925,boy21,Hip Angle,56.0
0.925,boy21,Knee Angle,27.0
0.925,boy22,Hip Angle,48.0
0.925,boy22,Knee Angle,28.0
0.925,boy23,Hip Angle,63.0
0.925,boy23,Knee Angle,28.0
0.925,boy24,Hip Angle,49.0
0.925,boy24,Knee Angle,8.0
0.925,boy25,Hip Angle,38.0
0.925,boy25,Knee Angle,6.0
0.925,boy26,Hip Angle,38.0
0.925,boy26,Knee Angle,23.0
0.925,boy27,Hip Angle,44.0
0.925,boy27,Knee Angle,35.0
0.925,boy28,Hip Angle,54.0
0.925,boy28,Knee Angle,25.0
0.925,boy29,Hip Angle,41.0
0.925,boy29,Knee Angle,19.0
0.925,boy30,Hip Angle,43.0
0.925,boy30,Knee Angle,6.0
0.925,boy31,Hip Angle,57.0
0.925,boy31,Knee Angle,9.0
0.925,boy32,Hip Angle,57.0
0.925,boy32,Knee Angle,17.0
0.925,boy33,Hip Angle,30.0
0.925,boy33,Knee Angle,9.0
0.925,boy34,Hip Angle,55.0
0.925,boy34,Knee Angle,26.0
0.925,boy35,Hip Angle,50.0
0.925,boy35,Knee Angle,10.0
0.925,boy36,Hip Angle,52.0
0.925,boy36,Knee Angle,23.0
0.925,boy37,Hip Angle,38.0
0.925,boy37,Knee Angle,7.0
0.925,boy38,Hip Angle,59.0
0.925,boy38,Knee Angle,28.0
0.925,boy39,Hip Angle,61.0
0.925,boy39,Knee Angle,25.0
0.975,boy1,Hip Angle,35.0
0.975,boy1,Knee Angle,11.0
0.975,boy2,Hip Angle,43.0
0.975,boy2,Knee Angle,16.0
0.975,boy3,Hip Angle,49.0
0.975,boy3,Knee Angle,14.0
0.975,boy4,Hip Angle,32.0
0.975,boy4,Knee Angle,0.0
0.975,boy5,Hip Angle,28.0
0.975,boy5,Knee Angle,4.0
0.975,boy6,Hip Angle,55.0
0.975,boy6,Knee Angle,9.0
0.975,boy7,Hip Angle,41.0
0.975,boy7,Knee Angle,3.0
0.975,boy8,Hip Angle,43.0
0.975,boy8,Knee Angle,5.0
0.975,boy9,Hip Angle,47.0
0.975,boy9,Knee Angle,10.0
0.975,boy10,Hip Angle,39.0
0.975,boy10,Knee Angle,16.0
0.975,boy11,Hip Angle,40.0
0.975,boy11,Knee Angle,6.0
0.975,boy12,Hip Angle,39.0
0.975,boy12,Knee Angle,5.0
0.975,boy13,Hip Angle,36.0
0.975,boy13,Knee Angle,12.0
0.975,boy14,Hip Angle,37.0
0.975,boy14,Knee Angle,10.0
0.975,boy15,Hip Angle,46.0
0.975,boy15,Knee Angle,8.0
0.975,boy16,Hip Angle,46.0
0.975,boy16,Knee Angle,13.0
0.975,boy17,Hip Angle,51.0
0.975,boy17,Knee Angle,16.0
0.975,boy18,Hip Angle,46.0
0.975,boy18,Knee Angle,11.0
0.975,boy19,Hip Angle,34.0
0.975,boy19,Knee Angle,15.0
0.975,boy20,Hip Angle,42.0
0.975,boy20,Knee Angle,10.0
0.975,boy21,Hip Angle,50.0
0.975,boy21,Knee Angle,16.0
0.975,boy22,Hip Angle,46.0
0.975,boy22,Knee Angle,13.0
0.975,boy23,Hip Angle,58.0
0.975,boy23,Knee Angle,8.0
0.975,boy24,Hip Angle,44.0
0.975,boy24,Knee Angle,12.0
0.975,boy25,Hip Angle,38.0
0.975,boy25,Knee Angle,9.0
0.975,boy26,Hip Angle,34.0
0.975,boy26,Knee Angle,15.0
0.975,boy27,Hip Angle,37.0
0.975,boy27,Knee Angle,18.0
0.975,boy28,Hip Angle,46.0
0.975,boy28,Knee Angle,16.0
0.975,boy29,Hip Angle,40.0
0.975,boy29,Knee Angle,11.0
0.975,boy30,Hip Angle,42.0
0.975,boy30,Knee Angle,8.0
0.975,boy31,Hip Angle,58.0
0.975,boy31,Knee Angle,19.0
0.975,boy32,Hip Angle,52.0
0.975,boy32,Knee Angle,14.0
0.975,boy33,Hip Angle,29.0
0.975,boy33,Knee Angle,6.0
0.975,boy34,Hip Angle,43.0
0.975,boy34,Knee Angle,3.0
0.975,boy35,Hip Angle,47.0
0.975,boy35,Knee Angle,9.0
0.975,boy36,Hip Angle,46.0
0.975,boy36,Knee Angle,16.0
0.975,boy37,Hip Angle,35.0
0.975,boy37,Knee Angle,7.0
0.975,boy38,Hip Angle,59.0
0.975,boy38,Knee Angle,20.0
0.975,boy39,Hip Angle,55.0
0.975,boy39,Knee Angle,15.0
